{
 "omicstype": "",
"nodes": [
 {
 "id": "C002",
"label": "C002",
"size":       18,
"meta": "control",
"fx": -299.523,
"fy": -620.4178,
"fz": 370.1633,
"origX": -0.99523,
"origY":  -1.4594,
"origZ":  0.44196,
"colorb": "#E6194B" 
},
{
 "id": "C004",
"label": "C004",
"size":       18,
"meta": "control",
"fx":  -492.03,
"fy": -564.0049,
"fz":   428.65,
"origX":  -2.9203,
"origY": -0.19011,
"origZ":   1.1438,
"colorb": "#E6194B" 
},
{
 "id": "C005",
"label": "C005",
"size":       18,
"meta": "control",
"fx":  -335.39,
"fy": -674.7067,
"fz": 204.8917,
"origX":  -1.3539,
"origY":  -2.6809,
"origZ":  -1.5413,
"colorb": "#E6194B" 
},
{
 "id": "C006",
"label": "C006",
"size":       18,
"meta": "control",
"fx":   -514.2,
"fy": -705.4444,
"fz":  173.325,
"origX":   -3.142,
"origY":  -3.3725,
"origZ":  -1.9201,
"colorb": "#E6194B" 
},
{
 "id": "C007",
"label": "C007",
"size":       18,
"meta": "control",
"fx":  -411.89,
"fy": -685.3244,
"fz": 313.4317,
"origX":  -2.1189,
"origY":  -2.9198,
"origZ": -0.23882,
"colorb": "#E6194B" 
},
{
 "id": "C009",
"label": "C009",
"size":       18,
"meta": "control",
"fx":  -432.04,
"fy": -600.2889,
"fz": 221.0583,
"origX":  -2.3204,
"origY":  -1.0065,
"origZ":  -1.3473,
"colorb": "#E6194B" 
},
{
 "id": "C010",
"label": "C010",
"size":       18,
"meta": "control",
"fx":   -350.5,
"fy": -657.5067,
"fz": 252.0217,
"origX":   -1.505,
"origY":  -2.2939,
"origZ": -0.97574,
"colorb": "#E6194B" 
},
{
 "id": "C011",
"label": "C011",
"size":       18,
"meta": "control",
"fx":  -793.71,
"fy": -423.4533,
"fz":   290.39,
"origX":  -5.9371,
"origY":   2.9723,
"origZ": -0.51532,
"colorb": "#E6194B" 
},
{
 "id": "C012",
"label": "C012",
"size":       18,
"meta": "control",
"fx":  -437.99,
"fy": -620.4044,
"fz":  286.985,
"origX":  -2.3799,
"origY":  -1.4591,
"origZ": -0.55618,
"colorb": "#E6194B" 
},
{
 "id": "C015",
"label": "C015",
"size":       18,
"meta": "control",
"fx":  -450.56,
"fy": -590.9409,
"fz": 339.0089,
"origX":  -2.5056,
"origY": -0.79617,
"origZ": 0.068107,
"colorb": "#E6194B" 
},
{
 "id": "C016",
"label": "C016",
"size":       18,
"meta": "control",
"fx":  -396.76,
"fy": -606.2667,
"fz": -18.90833,
"origX":  -1.9676,
"origY":   -1.141,
"origZ":  -4.2269,
"colorb": "#E6194B" 
},
{
 "id": "C017",
"label": "C017",
"size":       18,
"meta": "control",
"fx":  -346.17,
"fy":  -673.84,
"fz": 344.7758,
"origX":  -1.4617,
"origY":  -2.6614,
"origZ":  0.13731,
"colorb": "#E6194B" 
},
{
 "id": "C019",
"label": "C019",
"size":       18,
"meta": "control",
"fx":  -702.67,
"fy": -631.7956,
"fz": 103.3333,
"origX":  -5.0267,
"origY":  -1.7154,
"origZ":    -2.76,
"colorb": "#E6194B" 
},
{
 "id": "C020",
"label": "C020",
"size":       18,
"meta": "control",
"fx":   -526.8,
"fy": -660.8756,
"fz": 83.58333,
"origX":   -3.268,
"origY":  -2.3697,
"origZ":   -2.997,
"colorb": "#E6194B" 
},
{
 "id": "C021",
"label": "C021",
"size":       18,
"meta": "control",
"fx":  -459.91,
"fy": -608.5689,
"fz": 252.4608,
"origX":  -2.5991,
"origY":  -1.1928,
"origZ": -0.97047,
"colorb": "#E6194B" 
},
{
 "id": "C022",
"label": "C022",
"size":       18,
"meta": "control",
"fx":   -534.5,
"fy": -581.8622,
"fz": 446.8417,
"origX":   -3.345,
"origY":  -0.5919,
"origZ":   1.3621,
"colorb": "#E6194B" 
},
{
 "id": "C024",
"label": "C024",
"size":       18,
"meta": "control",
"fx":  -383.96,
"fy": -636.0711,
"fz": 270.8358,
"origX":  -1.8396,
"origY":  -1.8116,
"origZ": -0.74997,
"colorb": "#E6194B" 
},
{
 "id": "C026",
"label": "C026",
"size":       18,
"meta": "control",
"fx":  -536.29,
"fy": -680.4667,
"fz": 221.0083,
"origX":  -3.3629,
"origY":  -2.8105,
"origZ":  -1.3479,
"colorb": "#E6194B" 
},
{
 "id": "C028",
"label": "C028",
"size":       18,
"meta": "control",
"fx":  -422.52,
"fy": -637.9556,
"fz":   277.59,
"origX":  -2.2252,
"origY":   -1.854,
"origZ": -0.66892,
"colorb": "#E6194B" 
},
{
 "id": "C029",
"label": "C029",
"size":       18,
"meta": "control",
"fx":  -339.52,
"fy": -665.9911,
"fz": 265.9575,
"origX":  -1.3952,
"origY":  -2.4848,
"origZ": -0.80851,
"colorb": "#E6194B" 
},
{
 "id": "C030",
"label": "C030",
"size":       18,
"meta": "control",
"fx":  -524.34,
"fy": -619.8978,
"fz":  185.625,
"origX":  -3.2434,
"origY":  -1.4477,
"origZ":  -1.7725,
"colorb": "#E6194B" 
},
{
 "id": "C031",
"label": "C031",
"size":       18,
"meta": "control",
"fx":  -640.38,
"fy": -545.7471,
"fz": 232.1667,
"origX":  -4.4038,
"origY":  0.22069,
"origZ":   -1.214,
"colorb": "#E6194B" 
},
{
 "id": "C032",
"label": "C032",
"size":       18,
"meta": "control",
"fx":  -542.37,
"fy": -622.3333,
"fz": 372.0442,
"origX":  -3.4237,
"origY":  -1.5025,
"origZ":  0.46453,
"colorb": "#E6194B" 
},
{
 "id": "C033",
"label": "C033",
"size":       18,
"meta": "control",
"fx":  -739.76,
"fy": -774.4444,
"fz":  106.175,
"origX":  -5.3976,
"origY":   -4.925,
"origZ":  -2.7259,
"colorb": "#E6194B" 
},
{
 "id": "C034",
"label": "C034",
"size":       18,
"meta": "control",
"fx": -262.782,
"fy": -686.6756,
"fz": 260.3675,
"origX": -0.62782,
"origY":  -2.9502,
"origZ": -0.87559,
"colorb": "#E6194B" 
},
{
 "id": "P002",
"label": "P002",
"size":       18,
"meta": "patient",
"fx": -199.0945,
"fy": -466.6933,
"fz":  676.975,
"origX": 0.009055,
"origY":   1.9994,
"origZ":   4.1237,
"colorb": "#3CB44B" 
},
{
 "id": "P012",
"label": "P012",
"size":       18,
"meta": "patient",
"fx":   583.13,
"fy": -596.9356,
"fz": -326.6917,
"origX":   7.8313,
"origY": -0.93105,
"origZ":  -7.9203,
"colorb": "#3CB44B" 
},
{
 "id": "P014",
"label": "P014",
"size":       18,
"meta": "patient",
"fx":    110.3,
"fy": -634.2667,
"fz": 572.7583,
"origX":    3.103,
"origY":   -1.771,
"origZ":   2.8731,
"colorb": "#3CB44B" 
},
{
 "id": "P027",
"label": "P027",
"size":       18,
"meta": "patient",
"fx":     1.06,
"fy":  -661.96,
"fz": 381.0917,
"origX":   2.0106,
"origY":  -2.3941,
"origZ":   0.5731,
"colorb": "#3CB44B" 
},
{
 "id": "P034",
"label": "P034",
"size":       18,
"meta": "patient",
"fx":     3.74,
"fy": -544.3724,
"fz": 644.5583,
"origX":   2.0374,
"origY":  0.25162,
"origZ":   3.7347,
"colorb": "#3CB44B" 
},
{
 "id": "P037",
"label": "P037",
"size":       18,
"meta": "patient",
"fx": -217.312,
"fy": -427.1378,
"fz": 626.4667,
"origX": -0.17312,
"origY":   2.8894,
"origZ":   3.5176,
"colorb": "#3CB44B" 
},
{
 "id": "P038",
"label": "P038",
"size":       18,
"meta": "patient",
"fx":   229.78,
"fy": -501.2133,
"fz": 536.6583,
"origX":   4.2978,
"origY":   1.2227,
"origZ":   2.4399,
"colorb": "#3CB44B" 
},
{
 "id": "P041",
"label": "P041",
"size":       18,
"meta": "patient",
"fx":    656.4,
"fy": -398.3422,
"fz": -747.8333,
"origX":    8.564,
"origY":   3.5373,
"origZ":  -12.974,
"colorb": "#3CB44B" 
},
{
 "id": "P042",
"label": "P042",
"size":       18,
"meta": "patient",
"fx":    72.31,
"fy": -642.5378,
"fz": 432.7417,
"origX":   2.7231,
"origY":  -1.9571,
"origZ":   1.1929,
"colorb": "#3CB44B" 
},
{
 "id": "P049",
"label": "P049",
"size":       18,
"meta": "patient",
"fx": -149.108,
"fy": -482.7156,
"fz": 616.0917,
"origX":  0.50892,
"origY":   1.6389,
"origZ":   3.3931,
"colorb": "#3CB44B" 
},
{
 "id": "P056",
"label": "P056",
"size":       18,
"meta": "patient",
"fx": -118.192,
"fy": -461.8933,
"fz": 662.9917,
"origX":  0.81808,
"origY":   2.1074,
"origZ":   3.9559,
"colorb": "#3CB44B" 
},
{
 "id": "P058",
"label": "P058",
"size":       18,
"meta": "patient",
"fx": -158.031,
"fy": -376.5111,
"fz": 404.5083,
"origX":  0.41969,
"origY":   4.0285,
"origZ":   0.8541,
"colorb": "#3CB44B" 
},
{
 "id": "P060",
"label": "P060",
"size":       18,
"meta": "patient",
"fx":    49.56,
"fy": -483.3333,
"fz": 495.8917,
"origX":   2.4956,
"origY":    1.625,
"origZ":   1.9507,
"colorb": "#3CB44B" 
},
{
 "id": "P064",
"label": "P064",
"size":       18,
"meta": "patient",
"fx":   252.84,
"fy": -607.6711,
"fz":  471.375,
"origX":   4.5284,
"origY":  -1.1726,
"origZ":   1.6565,
"colorb": "#3CB44B" 
},
{
 "id": "P065",
"label": "P065",
"size":       18,
"meta": "patient",
"fx":   199.94,
"fy": -590.4636,
"fz": 425.3667,
"origX":   3.9994,
"origY": -0.78543,
"origZ":   1.1044,
"colorb": "#3CB44B" 
},
{
 "id": "P070",
"label": "P070",
"size":       18,
"meta": "patient",
"fx":    55.53,
"fy": -507.1378,
"fz": 419.3417,
"origX":   2.5553,
"origY":   1.0894,
"origZ":   1.0321,
"colorb": "#3CB44B" 
},
{
 "id": "P080",
"label": "P080",
"size":       18,
"meta": "patient",
"fx":   110.94,
"fy": -496.7067,
"fz": 374.6183,
"origX":   3.1094,
"origY":   1.3241,
"origZ":  0.49542,
"colorb": "#3CB44B" 
},
{
 "id": "P085",
"label": "P085",
"size":       18,
"meta": "patient",
"fx":   273.21,
"fy": -613.1111,
"fz": 646.2167,
"origX":   4.7321,
"origY":   -1.295,
"origZ":   3.7546,
"colorb": "#3CB44B" 
},
{
 "id": "P086",
"label": "P086",
"size":       18,
"meta": "patient",
"fx":   206.32,
"fy":  -476.28,
"fz": 391.5975,
"origX":   4.0632,
"origY":   1.7837,
"origZ":  0.69917,
"colorb": "#3CB44B" 
},
{
 "id": "P089",
"label": "P089",
"size":       18,
"meta": "patient",
"fx":   306.39,
"fy": -616.2533,
"fz":    417.2,
"origX":   5.0639,
"origY":  -1.3657,
"origZ":   1.0064,
"colorb": "#3CB44B" 
},
{
 "id": "P092",
"label": "P092",
"size":       18,
"meta": "patient",
"fx":   -61.54,
"fy": -569.9436,
"fz": 410.5658,
"origX":   1.3846,
"origY": -0.32373,
"origZ":  0.92679,
"colorb": "#3CB44B" 
},
{
 "id": "P099",
"label": "P099",
"size":       18,
"meta": "patient",
"fx":  -350.99,
"fy": -459.9156,
"fz": 813.3833,
"origX":  -1.5099,
"origY":   2.1519,
"origZ":   5.7606,
"colorb": "#3CB44B" 
},
{
 "id": "P113",
"label": "P113",
"size":       18,
"meta": "patient",
"fx":   -624.1,
"fy": 676.0889,
"fz": 157.6917,
"origX":   -4.241,
"origY":   27.712,
"origZ":  -2.1077,
"colorb": "#3CB44B" 
},
{
 "id": "P013b",
"label": "P013b",
"size":       18,
"meta": "patient",
"fx":   416.24,
"fy": -515.136,
"fz": 385.3917,
"origX":   6.1624,
"origY":  0.90944,
"origZ":   0.6247,
"colorb": "#3CB44B" 
},
{
 "id": "P100b",
"label": "P100b",
"size":       18,
"meta": "patient",
"fx":   227.24,
"fy": -548.0471,
"fz":  493.975,
"origX":   4.2724,
"origY":  0.16894,
"origZ":   1.9277,
"colorb": "#3CB44B" 
} 
],
"meta": [ "control", "control", "control", "control", "control", "control", "control", "control", "control", "control", "control", "control", "control", "control", "control", "control", "control", "control", "control", "control", "control", "control", "control", "control", "control", "patient", "patient", "patient", "patient", "patient", "patient", "patient", "patient", "patient", "patient", "patient", "patient", "patient", "patient", "patient", "patient", "patient", "patient", "patient", "patient", "patient", "patient", "patient", "patient", "patient" ],
"loading": [
 {
 "id": "Bin.9.98",
"label": "Bin.9.98",
"size":       24,
"opacity":     0.73,
"fx": -619.3956,
"fy": -199.0286,
"fz":   403.92,
"origX": -0.064364,
"origY": -0.10983,
"origZ":  0.20098,
"seedArr": "notSeed",
"colorb": "#F36941",
"colorw": "#F36941" 
},
{
 "id": "Bin.9.94",
"label": "Bin.9.94",
"size":       24,
"opacity":     0.68,
"fx": -332.9867,
"fy": 374.0714,
"fz":   336.76,
"origX": 7.7994e-05,
"origY": -0.0095375,
"origZ":  0.18419,
"seedArr": "notSeed",
"colorb": "#F7925F",
"colorw": "#F7925F" 
},
{
 "id": "Bin.9.90",
"label": "Bin.9.90",
"size":       24,
"opacity":     0.76,
"fx": -158.4133,
"fy":   -129.4,
"fz":   618.04,
"origX": 0.039357,
"origY": -0.097645,
"origZ":  0.25451,
"seedArr": "notSeed",
"colorb": "#F25533",
"colorw": "#F25533" 
},
{
 "id": "Bin.9.86",
"label": "Bin.9.86",
"size":       24,
"opacity":     0.65,
"fx": -271.0578,
"fy": -235.4286,
"fz": -183.184,
"origX": 0.014012,
"origY":  -0.1162,
"origZ": 0.054204,
"seedArr": "notSeed",
"colorb": "#F8A26A",
"colorw": "#F8A26A" 
},
{
 "id": "Bin.9.82",
"label": "Bin.9.82",
"size":       24,
"opacity":     0.69,
"fx": -592.6622,
"fy": -486.4571,
"fz":   -4.108,
"origX": -0.058349,
"origY": -0.16013,
"origZ": 0.098973,
"seedArr": "notSeed",
"colorb": "#F68B59",
"colorw": "#F68B59" 
},
{
 "id": "Bin.9.78",
"label": "Bin.9.78",
"size":       24,
"opacity":     0.67,
"fx": -401.9378,
"fy": -256.2857,
"fz":  -30.848,
"origX": -0.015436,
"origY": -0.11985,
"origZ": 0.092288,
"seedArr": "notSeed",
"colorb": "#F79964",
"colorw": "#F79964" 
},
{
 "id": "Bin.9.74",
"label": "Bin.9.74",
"size":       24,
"opacity":      0.7,
"fx": -328.3818,
"fy": -352.9714,
"fz":   262.12,
"origX": 0.0011141,
"origY": -0.13677,
"origZ":  0.16553,
"seedArr": "notSeed",
"colorb": "#F57E50",
"colorw": "#F57E50" 
},
{
 "id": "Bin.9.70",
"label": "Bin.9.70",
"size":       24,
"opacity":     0.67,
"fx": -60.82222,
"fy": 490.0343,
"fz":   250.04,
"origX": 0.061315,
"origY": 0.010756,
"origZ":  0.16251,
"seedArr": "notSeed",
"colorb": "#F79460",
"colorw": "#F79460" 
},
{
 "id": "Bin.9.66",
"label": "Bin.9.66",
"size":       24,
"opacity":     0.72,
"fx":    -59.4,
"fy": -363.7143,
"fz":    263.4,
"origX": 0.061635,
"origY": -0.13865,
"origZ":  0.16585,
"seedArr": "notSeed",
"colorb": "#F4764A",
"colorw": "#F4764A" 
},
{
 "id": "Bin.9.62",
"label": "Bin.9.62",
"size":       24,
"opacity":     0.75,
"fx": 1.137778,
"fy": -343.4286,
"fz":   391.88,
"origX": 0.075256,
"origY":  -0.1351,
"origZ":  0.19797,
"seedArr": "notSeed",
"colorb": "#F3603B",
"colorw": "#F3603B" 
},
{
 "id": "Bin.9.58",
"label": "Bin.9.58",
"size":       24,
"opacity":      0.7,
"fx": -171.3956,
"fy": -317.4286,
"fz":   230.52,
"origX": 0.036436,
"origY": -0.13055,
"origZ":  0.15763,
"seedArr": "notSeed",
"colorb": "#F68454",
"colorw": "#F68454" 
},
{
 "id": "Bin.9.54",
"label": "Bin.9.54",
"size":       24,
"opacity":     0.69,
"fx": -6.853333,
"fy": -242.5143,
"fz":   188.24,
"origX": 0.073458,
"origY": -0.11744,
"origZ":  0.14706,
"seedArr": "notSeed",
"colorb": "#F68958",
"colorw": "#F68958" 
},
{
 "id": "Bin.9.50",
"label": "Bin.9.50",
"size":       24,
"opacity":     0.72,
"fx": 425.6444,
"fy": -279.1429,
"fz":  -47.608,
"origX":  0.17077,
"origY": -0.12385,
"origZ": 0.088098,
"seedArr": "notSeed",
"colorb": "#F47046",
"colorw": "#F47046" 
},
{
 "id": "Bin.9.46",
"label": "Bin.9.46",
"size":       24,
"opacity":     0.67,
"fx": -0.5555556,
"fy": -348.6286,
"fz": -338.936,
"origX": 0.074875,
"origY": -0.13601,
"origZ": 0.015266,
"seedArr": "notSeed",
"colorb": "#F79862",
"colorw": "#F79862" 
},
{
 "id": "Bin.9.42",
"label": "Bin.9.42",
"size":       24,
"opacity":     0.73,
"fx": 468.1778,
"fy": -321.8286,
"fz":   -163.5,
"origX":  0.18034,
"origY": -0.13132,
"origZ": 0.059125,
"seedArr": "notSeed",
"colorb": "#F46D44",
"colorw": "#F46D44" 
},
{
 "id": "Bin.9.38",
"label": "Bin.9.38",
"size":       24,
"opacity":      0.7,
"fx": 161.4222,
"fy": -549.0857,
"fz": -225.592,
"origX":  0.11132,
"origY": -0.17109,
"origZ": 0.043602,
"seedArr": "notSeed",
"colorb": "#F68253",
"colorw": "#F68253" 
},
{
 "id": "Bin.9.34",
"label": "Bin.9.34",
"size":       24,
"opacity":     0.74,
"fx": 164.6667,
"fy": -246.2857,
"fz":    340.2,
"origX":  0.11205,
"origY":  -0.1181,
"origZ":  0.18505,
"seedArr": "notSeed",
"colorb": "#F3623C",
"colorw": "#F3623C" 
},
{
 "id": "Bin.9.30",
"label": "Bin.9.30",
"size":       24,
"opacity":     0.68,
"fx": -60.40889,
"fy": -575.5429,
"fz": -397.4199,
"origX": 0.061408,
"origY": -0.17572,
"origZ": 0.00064503,
"seedArr": "notSeed",
"colorb": "#F7905D",
"colorw": "#F7905D" 
},
{
 "id": "Bin.9.26",
"label": "Bin.9.26",
"size":       24,
"opacity":     0.44,
"fx":     -233,
"fy": 240.6914,
"fz":  -484.28,
"origX": 0.022575,
"origY": -0.032879,
"origZ": -0.02107,
"seedArr": "notSeed",
"colorb": "#FDF0BC",
"colorw": "#FDF0BC" 
},
{
 "id": "Bin.9.22",
"label": "Bin.9.22",
"size":       24,
"opacity":     0.68,
"fx": 308.2222,
"fy": -113.8286,
"fz":  -38.812,
"origX":  0.14435,
"origY": -0.09492,
"origZ": 0.090297,
"seedArr": "notSeed",
"colorb": "#F68D5B",
"colorw": "#F68D5B" 
},
{
 "id": "Bin.9.18",
"label": "Bin.9.18",
"size":       24,
"opacity":     0.77,
"fx": 177.4222,
"fy": -199.3143,
"fz":   574.04,
"origX":  0.11492,
"origY": -0.10988,
"origZ":  0.24351,
"seedArr": "notSeed",
"colorb": "#F14E2E",
"colorw": "#F14E2E" 
},
{
 "id": "Bin.9.14",
"label": "Bin.9.14",
"size":       24,
"opacity":      0.6,
"fx": -361.8649,
"fy": -11.35429,
"fz": -249.152,
"origX": -0.0064196,
"origY": -0.076987,
"origZ": 0.037712,
"seedArr": "notSeed",
"colorb": "#FBC885",
"colorw": "#FBC885" 
},
{
 "id": "Bin.9.10",
"label": "Bin.9.10",
"size":       24,
"opacity":      0.7,
"fx": 24.00444,
"fy": -663.9429,
"fz":  -239.76,
"origX": 0.080401,
"origY": -0.19119,
"origZ":  0.04006,
"seedArr": "notSeed",
"colorb": "#F58052",
"colorw": "#F58052" 
},
{
 "id": "Bin.9.06",
"label": "Bin.9.06",
"size":       24,
"opacity":     0.69,
"fx": 42.54667,
"fy": -572.3429,
"fz": -175.484,
"origX": 0.084573,
"origY": -0.17516,
"origZ": 0.056129,
"seedArr": "notSeed",
"colorb": "#F68757",
"colorw": "#F68757" 
},
{
 "id": "Bin.9.02",
"label": "Bin.9.02",
"size":       24,
"opacity":     0.69,
"fx": 168.6667,
"fy":   -530.4,
"fz": -235.524,
"origX":  0.11295,
"origY": -0.16782,
"origZ": 0.041119,
"seedArr": "notSeed",
"colorb": "#F68656",
"colorw": "#F68656" 
},
{
 "id": "Bin.8.98",
"label": "Bin.8.98",
"size":       24,
"opacity":     0.58,
"fx": -48.15556,
"fy": 196.7257,
"fz": -360.8776,
"origX": 0.064165,
"origY": -0.040573,
"origZ": 0.0097806,
"seedArr": "notSeed",
"colorb": "#FDD68F",
"colorw": "#FDD68F" 
},
{
 "id": "Bin.8.94",
"label": "Bin.8.94",
"size":       24,
"opacity":     0.71,
"fx":    272.8,
"fy": -479.1429,
"fz": -188.324,
"origX":  0.13638,
"origY": -0.15885,
"origZ": 0.052919,
"seedArr": "notSeed",
"colorb": "#F57D4F",
"colorw": "#F57D4F" 
},
{
 "id": "Bin.8.90",
"label": "Bin.8.90",
"size":       24,
"opacity":     0.61,
"fx": -19.05333,
"fy": 17.98286,
"fz": -363.2444,
"origX": 0.070713,
"origY": -0.071853,
"origZ": 0.0091889,
"seedArr": "notSeed",
"colorb": "#FBC180",
"colorw": "#FBC180" 
},
{
 "id": "Bin.8.86",
"label": "Bin.8.86",
"size":       24,
"opacity":     0.59,
"fx": -190.5822,
"fy": 49.21143,
"fz": -304.964,
"origX": 0.032119,
"origY": -0.066388,
"origZ": 0.023759,
"seedArr": "notSeed",
"colorb": "#FCD38D",
"colorw": "#FCD38D" 
},
{
 "id": "Bin.8.82",
"label": "Bin.8.82",
"size":       24,
"opacity":      0.6,
"fx": -279.3733,
"fy": -32.42286,
"fz": -308.996,
"origX": 0.012141,
"origY": -0.080674,
"origZ": 0.022751,
"seedArr": "notSeed",
"colorb": "#FCCA86",
"colorw": "#FCCA86" 
},
{
 "id": "Bin.8.78",
"label": "Bin.8.78",
"size":       24,
"opacity":     0.65,
"fx": 192.9778,
"fy": 383.6411,
"fz": -276.628,
"origX":  0.11842,
"origY": -0.0078628,
"origZ": 0.030843,
"seedArr": "notSeed",
"colorb": "#F9A66D",
"colorw": "#F9A66D" 
},
{
 "id": "Bin.8.74",
"label": "Bin.8.74",
"size":       24,
"opacity":     0.71,
"fx": 510.9333,
"fy": 514.7657,
"fz":    11.08,
"origX":  0.18996,
"origY": 0.015084,
"origZ":  0.10277,
"seedArr": "notSeed",
"colorb": "#F57B4E",
"colorw": "#F57B4E" 
},
{
 "id": "Bin.8.70",
"label": "Bin.8.70",
"size":       24,
"opacity":     0.68,
"fx": 424.7556,
"fy": 530.4171,
"fz":  -34.124,
"origX":  0.17057,
"origY": 0.017823,
"origZ": 0.091469,
"seedArr": "notSeed",
"colorb": "#F78F5C",
"colorw": "#F78F5C" 
},
{
 "id": "Bin.8.66",
"label": "Bin.8.66",
"size":       24,
"opacity":     0.66,
"fx": 229.3778,
"fy": 377.0611,
"fz": -221.368,
"origX":  0.12661,
"origY": -0.0090143,
"origZ": 0.044658,
"seedArr": "notSeed",
"colorb": "#F89D66",
"colorw": "#F89D66" 
},
{
 "id": "Bin.8.62",
"label": "Bin.8.62",
"size":       24,
"opacity":     0.67,
"fx": 317.5111,
"fy": 502.1829,
"fz":  -118.48,
"origX":  0.14644,
"origY": 0.012882,
"origZ":  0.07038,
"seedArr": "notSeed",
"colorb": "#F79661",
"colorw": "#F79661" 
},
{
 "id": "Bin.8.58",
"label": "Bin.8.58",
"size":       24,
"opacity":     0.65,
"fx": 187.9111,
"fy": 322.9486,
"fz": -235.516,
"origX":  0.11728,
"origY": -0.018484,
"origZ": 0.041121,
"seedArr": "notSeed",
"colorb": "#F8A46B",
"colorw": "#F8A46B" 
},
{
 "id": "Bin.8.54",
"label": "Bin.8.54",
"size":       24,
"opacity":     0.47,
"fx": -397.0267,
"fy": 140.9943,
"fz": -394.626,
"origX": -0.014331,
"origY": -0.050326,
"origZ": 0.0013435,
"seedArr": "notSeed",
"colorb": "#FEEFB3",
"colorw": "#FEEFB3" 
},
{
 "id": "Bin.8.50",
"label": "Bin.8.50",
"size":       24,
"opacity":     0.59,
"fx": -30.09778,
"fy": 231.4914,
"fz": -327.668,
"origX": 0.068228,
"origY": -0.034489,
"origZ": 0.018083,
"seedArr": "notSeed",
"colorb": "#FCD18C",
"colorw": "#FCD18C" 
},
{
 "id": "Bin.8.46",
"label": "Bin.8.46",
"size":       24,
"opacity":     0.49,
"fx": -102.9467,
"fy": 320.7314,
"fz": -397.5403,
"origX": 0.051837,
"origY": -0.018872,
"origZ": 0.00061492,
"seedArr": "notSeed",
"colorb": "#FEEEAE",
"colorw": "#FEEEAE" 
},
{
 "id": "Bin.8.42",
"label": "Bin.8.42",
"size":       24,
"opacity":     0.66,
"fx": 257.1111,
"fy": 491.4343,
"fz":  -241.78,
"origX":  0.13285,
"origY": 0.011001,
"origZ": 0.039555,
"seedArr": "notSeed",
"colorb": "#F89B65",
"colorw": "#F89B65" 
},
{
 "id": "Bin.8.38",
"label": "Bin.8.38",
"size":       24,
"opacity":     0.65,
"fx": 188.4444,
"fy":   473.04,
"fz": -287.924,
"origX":   0.1174,
"origY": 0.007782,
"origZ": 0.028019,
"seedArr": "notSeed",
"colorb": "#F9A86E",
"colorw": "#F9A86E" 
},
{
 "id": "Bin.8.34",
"label": "Bin.8.34",
"size":       24,
"opacity":     0.59,
"fx":   -29.76,
"fy":   353.32,
"fz": -232.964,
"origX": 0.068304,
"origY": -0.013169,
"origZ": 0.041759,
"seedArr": "notSeed",
"colorb": "#FCCF8A",
"colorw": "#FCCF8A" 
},
{
 "id": "Bin.8.30",
"label": "Bin.8.30",
"size":       24,
"opacity":     0.63,
"fx": 128.9333,
"fy": 404.9526,
"fz":  -219.52,
"origX":  0.10401,
"origY": -0.0041333,
"origZ":  0.04512,
"seedArr": "notSeed",
"colorb": "#FAB276",
"colorw": "#FAB276" 
},
{
 "id": "Bin.8.26",
"label": "Bin.8.26",
"size":       24,
"opacity":     0.63,
"fx": 161.2889,
"fy": 440.5046,
"fz": -302.792,
"origX":  0.11129,
"origY": 0.0020883,
"origZ": 0.024302,
"seedArr": "notSeed",
"colorb": "#F9B174",
"colorw": "#F9B174" 
},
{
 "id": "Bin.8.22",
"label": "Bin.8.22",
"size":       24,
"opacity":     0.54,
"fx": -44.22222,
"fy": 442.6857,
"fz": -402.2616,
"origX":  0.06505,
"origY":  0.00247,
"origZ": -0.00056539,
"seedArr": "notSeed",
"colorb": "#FEEDA2",
"colorw": "#FEEDA2" 
},
{
 "id": "Bin.8.18",
"label": "Bin.8.18",
"size":       24,
"opacity":     0.37,
"fx": -219.7467,
"fy": 300.1371,
"fz": -415.3636,
"origX": 0.025557,
"origY": -0.022476,
"origZ": -0.0038409,
"seedArr": "notSeed",
"colorb": "#FCF2CC",
"colorw": "#FCF2CC" 
},
{
 "id": "Bin.8.14",
"label": "Bin.8.14",
"size":       24,
"opacity":     0.64,
"fx": 139.7333,
"fy": 432.2077,
"fz":  -232.72,
"origX":  0.10644,
"origY": 0.00063634,
"origZ":  0.04182,
"seedArr": "notSeed",
"colorb": "#F9AF73",
"colorw": "#F9AF73" 
},
{
 "id": "Bin.8.10",
"label": "Bin.8.10",
"size":       24,
"opacity":     0.48,
"fx": -145.2667,
"fy": 280.6057,
"fz":   -310.7,
"origX": 0.042315,
"origY": -0.025894,
"origZ": 0.022325,
"seedArr": "notSeed",
"colorb": "#FEEFB0",
"colorw": "#FEEFB0" 
},
{
 "id": "Bin.8.06",
"label": "Bin.8.06",
"size":       24,
"opacity":     0.53,
"fx": -106.0178,
"fy": 227.2229,
"fz": -367.2344,
"origX": 0.051146,
"origY": -0.035236,
"origZ": 0.0081914,
"seedArr": "notSeed",
"colorb": "#FEEDA4",
"colorw": "#FEEDA4" 
},
{
 "id": "Bin.8.02",
"label": "Bin.8.02",
"size":       24,
"opacity":     0.43,
"fx": -211.2578,
"fy":   244.88,
"fz":  -338.58,
"origX": 0.027467,
"origY": -0.032146,
"origZ": 0.015355,
"seedArr": "notSeed",
"colorb": "#FDF0BE",
"colorw": "#FDF0BE" 
},
{
 "id": "Bin.7.98",
"label": "Bin.7.98",
"size":       24,
"opacity":     0.37,
"fx": -328.9397,
"fy": 336.7257,
"fz": -289.984,
"origX": 0.00098857,
"origY": -0.016073,
"origZ": 0.027504,
"seedArr": "notSeed",
"colorb": "#FCF2CE",
"colorw": "#FCF2CE" 
},
{
 "id": "Bin.7.94",
"label": "Bin.7.94",
"size":       24,
"opacity":     0.37,
"fx": -288.0756,
"fy":   271.16,
"fz": -342.152,
"origX": 0.010183,
"origY": -0.027547,
"origZ": 0.014462,
"seedArr": "notSeed",
"colorb": "#FCF2CD",
"colorw": "#FCF2CD" 
},
{
 "id": "Bin.7.90",
"label": "Bin.7.90",
"size":       24,
"opacity":      0.4,
"fx":  -162.56,
"fy": 465.0131,
"fz":  -353.48,
"origX": 0.038424,
"origY": 0.0063773,
"origZ":  0.01163,
"seedArr": "notSeed",
"colorb": "#FDF1C6",
"colorw": "#FDF1C6" 
},
{
 "id": "Bin.7.86",
"label": "Bin.7.86",
"size":       24,
"opacity":     0.62,
"fx":   -755.8,
"fy": 157.1771,
"fz": -376.134,
"origX": -0.095055,
"origY": -0.047494,
"origZ": 0.0059665,
"seedArr": "notSeed",
"colorb": "#FABB7C",
"colorw": "#FABB7C" 
},
{
 "id": "Bin.7.82",
"label": "Bin.7.82",
"size":       24,
"opacity":     0.64,
"fx": -791.6889,
"fy": 111.8514,
"fz": -381.5964,
"origX": -0.10313,
"origY": -0.055426,
"origZ": 0.0046009,
"seedArr": "notSeed",
"colorb": "#F9A96F",
"colorw": "#F9A96F" 
},
{
 "id": "Bin.7.78",
"label": "Bin.7.78",
"size":       24,
"opacity":     0.55,
"fx": -115.8933,
"fy": 290.9029,
"fz": -245.708,
"origX": 0.048924,
"origY": -0.024092,
"origZ": 0.038573,
"seedArr": "notSeed",
"colorb": "#FEEDA0",
"colorw": "#FEEDA0" 
},
{
 "id": "Bin.7.74",
"label": "Bin.7.74",
"size":       24,
"opacity":     0.42,
"fx":  -186.32,
"fy": 302.6914,
"fz":   -325.7,
"origX": 0.033078,
"origY": -0.022029,
"origZ": 0.018575,
"seedArr": "notSeed",
"colorb": "#FDF1C0",
"colorw": "#FDF1C0" 
},
{
 "id": "Bin.7.70",
"label": "Bin.7.70",
"size":       24,
"opacity":      0.5,
"fx": -276.1378,
"fy": 299.3943,
"fz": -197.648,
"origX": 0.012869,
"origY": -0.022606,
"origZ": 0.050588,
"seedArr": "notSeed",
"colorb": "#FEEEAC",
"colorw": "#FEEEAC" 
},
{
 "id": "Bin.7.66",
"label": "Bin.7.66",
"size":       24,
"opacity":     0.61,
"fx": -721.8933,
"fy": 180.2457,
"fz": -369.016,
"origX": -0.087426,
"origY": -0.043457,
"origZ": 0.007746,
"seedArr": "notSeed",
"colorb": "#FBC281",
"colorw": "#FBC281" 
},
{
 "id": "Bin.7.62",
"label": "Bin.7.62",
"size":       24,
"opacity":      0.6,
"fx": -625.6222,
"fy": 74.33714,
"fz": -360.7864,
"origX": -0.065765,
"origY": -0.061991,
"origZ": 0.0098034,
"seedArr": "notSeed",
"colorb": "#FBC684",
"colorw": "#FBC684" 
},
{
 "id": "Bin.7.58",
"label": "Bin.7.58",
"size":       24,
"opacity":     0.61,
"fx": -673.5556,
"fy": 25.57714,
"fz":   -358.3,
"origX": -0.07655,
"origY": -0.070524,
"origZ": 0.010425,
"seedArr": "notSeed",
"colorb": "#FBBF7F",
"colorw": "#FBBF7F" 
},
{
 "id": "Bin.7.54",
"label": "Bin.7.54",
"size":       24,
"opacity":     0.63,
"fx": -753.3333,
"fy": 83.18286,
"fz": -403.9009,
"origX":  -0.0945,
"origY": -0.060443,
"origZ": -0.00097522,
"seedArr": "notSeed",
"colorb": "#FAB678",
"colorw": "#FAB678" 
},
{
 "id": "Bin.7.50",
"label": "Bin.7.50",
"size":       24,
"opacity":     0.55,
"fx": -265.9511,
"fy": 112.3143,
"fz": -263.196,
"origX": 0.015161,
"origY": -0.055345,
"origZ": 0.034201,
"seedArr": "notSeed",
"colorb": "#FEEC9F",
"colorw": "#FEEC9F" 
},
{
 "id": "Bin.7.46",
"label": "Bin.7.46",
"size":       24,
"opacity":     0.56,
"fx": -101.0756,
"fy": 314.4171,
"fz": -235.216,
"origX": 0.052258,
"origY": -0.019977,
"origZ": 0.041196,
"seedArr": "notSeed",
"colorb": "#FEE69B",
"colorw": "#FEE69B" 
},
{
 "id": "Bin.7.42",
"label": "Bin.7.42",
"size":       24,
"opacity":     0.32,
"fx": -277.6267,
"fy":   406.24,
"fz": -320.592,
"origX": 0.012534,
"origY": -0.003908,
"origZ": 0.019852,
"seedArr": "notSeed",
"colorb": "#FCF4D9",
"colorw": "#FCF4D9" 
},
{
 "id": "Bin.7.38",
"label": "Bin.7.38",
"size":       24,
"opacity":     0.34,
"fx":  -274.96,
"fy":  392.336,
"fz":  -306.16,
"origX": 0.013134,
"origY": -0.0063412,
"origZ":  0.02346,
"seedArr": "notSeed",
"colorb": "#FCF3D5",
"colorw": "#FCF3D5" 
},
{
 "id": "Bin.7.34",
"label": "Bin.7.34",
"size":       24,
"opacity":     0.35,
"fx": -282.3244,
"fy": 398.7994,
"fz": -287.152,
"origX": 0.011477,
"origY": -0.0052101,
"origZ": 0.028212,
"seedArr": "notSeed",
"colorb": "#FCF3D1",
"colorw": "#FCF3D1" 
},
{
 "id": "Bin.7.30",
"label": "Bin.7.30",
"size":       24,
"opacity":      0.5,
"fx": -471.9689,
"fy": 184.1714,
"fz": -323.696,
"origX": -0.031193,
"origY": -0.04277,
"origZ": 0.019076,
"seedArr": "notSeed",
"colorb": "#FEEEAD",
"colorw": "#FEEEAD" 
},
{
 "id": "Bin.7.26",
"label": "Bin.7.26",
"size":       24,
"opacity":     0.51,
"fx": -334.4597,
"fy": 300.9429,
"fz": -184.556,
"origX": -0.00025344,
"origY": -0.022335,
"origZ": 0.053861,
"seedArr": "notSeed",
"colorb": "#FEEEA9",
"colorw": "#FEEEA9" 
},
{
 "id": "Bin.7.22",
"label": "Bin.7.22",
"size":       24,
"opacity":     0.48,
"fx":   -467.6,
"fy": 274.5086,
"fz": -262.132,
"origX": -0.03021,
"origY": -0.026961,
"origZ": 0.034467,
"seedArr": "notSeed",
"colorb": "#FEEFB1",
"colorw": "#FEEFB1" 
},
{
 "id": "Bin.7.18",
"label": "Bin.7.18",
"size":       24,
"opacity":     0.34,
"fx": -318.756,
"fy": 280.3086,
"fz": -364.7548,
"origX": 0.0032799,
"origY": -0.025946,
"origZ": 0.0088113,
"seedArr": "notSeed",
"colorb": "#FCF3D6",
"colorw": "#FCF3D6" 
},
{
 "id": "Bin.7.14",
"label": "Bin.7.14",
"size":       24,
"opacity":     0.42,
"fx": -295.8902,
"fy": 182.6629,
"fz": -419.3552,
"origX": 0.0084247,
"origY": -0.043034,
"origZ": -0.0048388,
"seedArr": "notSeed",
"colorb": "#FDF1BF",
"colorw": "#FDF1BF" 
},
{
 "id": "Bin.7.10",
"label": "Bin.7.10",
"size":       24,
"opacity":     0.34,
"fx": -262.1733,
"fy": 302.0343,
"fz": -420.7964,
"origX": 0.016011,
"origY": -0.022144,
"origZ": -0.0051991,
"seedArr": "notSeed",
"colorb": "#FCF3D4",
"colorw": "#FCF3D4" 
},
{
 "id": "Bin.7.06",
"label": "Bin.7.06",
"size":       24,
"opacity":     0.46,
"fx": -135.8578,
"fy": 445.0623,
"fz":  -302.28,
"origX": 0.044432,
"origY": 0.0028859,
"origZ":  0.02443,
"seedArr": "notSeed",
"colorb": "#FDF0B7",
"colorw": "#FDF0B7" 
},
{
 "id": "Bin.7.02",
"label": "Bin.7.02",
"size":       24,
"opacity":     0.57,
"fx": -84.65333,
"fy": 315.2857,
"fz": -226.044,
"origX": 0.055953,
"origY": -0.019825,
"origZ": 0.043489,
"seedArr": "notSeed",
"colorb": "#FEE197",
"colorw": "#FEE197" 
},
{
 "id": "Bin.6.98",
"label": "Bin.6.98",
"size":       24,
"opacity":     0.54,
"fx": -224.6178,
"fy": 122.2229,
"fz":  -284.88,
"origX": 0.024461,
"origY": -0.053611,
"origZ":  0.02878,
"seedArr": "notSeed",
"colorb": "#FEEDA2",
"colorw": "#FEEDA2" 
},
{
 "id": "Bin.6.94",
"label": "Bin.6.94",
"size":       24,
"opacity":     0.71,
"fx": -61.35556,
"fy": -763.7143,
"fz": -229.204,
"origX": 0.061195,
"origY": -0.20865,
"origZ": 0.042699,
"seedArr": "notSeed",
"colorb": "#F5774B",
"colorw": "#F5774B" 
},
{
 "id": "Bin.6.90",
"label": "Bin.6.90",
"size":       24,
"opacity":     0.56,
"fx": -182.6133,
"fy": 97.97714,
"fz": -319.216,
"origX": 0.033912,
"origY": -0.057854,
"origZ": 0.020196,
"seedArr": "notSeed",
"colorb": "#FEE49A",
"colorw": "#FEE49A" 
},
{
 "id": "Bin.6.86",
"label": "Bin.6.86",
"size":       24,
"opacity":     0.57,
"fx": -220.8489,
"fy":     26.2,
"fz": -361.6128,
"origX": 0.025309,
"origY": -0.070415,
"origZ": 0.0095968,
"seedArr": "notSeed",
"colorb": "#FDDD95",
"colorw": "#FDDD95" 
},
{
 "id": "Bin.6.82",
"label": "Bin.6.82",
"size":       24,
"opacity":     0.58,
"fx": -44.73333,
"fy": 338.3086,
"fz": -252.424,
"origX": 0.064935,
"origY": -0.015796,
"origZ": 0.036894,
"seedArr": "notSeed",
"colorb": "#FDD891",
"colorw": "#FDD891" 
},
{
 "id": "Bin.6.78",
"label": "Bin.6.78",
"size":       24,
"opacity":     0.72,
"fx": -13.48444,
"fy": -769.1429,
"fz": -205.908,
"origX": 0.071966,
"origY":  -0.2096,
"origZ": 0.048523,
"seedArr": "notSeed",
"colorb": "#F47247",
"colorw": "#F47247" 
},
{
 "id": "Bin.6.74",
"label": "Bin.6.74",
"size":       24,
"opacity":     0.73,
"fx": 30.58222,
"fy": -758.4571,
"fz":  -174.32,
"origX": 0.081881,
"origY": -0.20773,
"origZ":  0.05642,
"seedArr": "notSeed",
"colorb": "#F46E45",
"colorw": "#F46E45" 
},
{
 "id": "Bin.6.70",
"label": "Bin.6.70",
"size":       24,
"opacity":     0.73,
"fx": -0.04444444,
"fy": -768.1143,
"fz": -153.864,
"origX":  0.07499,
"origY": -0.20942,
"origZ": 0.061534,
"seedArr": "notSeed",
"colorb": "#F46B42",
"colorw": "#F46B42" 
},
{
 "id": "Bin.6.66",
"label": "Bin.6.66",
"size":       24,
"opacity":     0.74,
"fx": -127.5422,
"fy": -819.0286,
"fz":  -65.624,
"origX": 0.046303,
"origY": -0.21833,
"origZ": 0.083594,
"seedArr": "notSeed",
"colorb": "#F36740",
"colorw": "#F36740" 
},
{
 "id": "Bin.6.62",
"label": "Bin.6.62",
"size":       24,
"opacity":     0.78,
"fx": -374.5804,
"fy":     -746,
"fz":   440.88,
"origX": -0.0092806,
"origY": -0.20555,
"origZ":  0.21022,
"seedArr": "notSeed",
"colorb": "#F14B2B",
"colorw": "#F14B2B" 
},
{
 "id": "Bin.6.58",
"label": "Bin.6.58",
"size":       24,
"opacity":     0.78,
"fx": -409.3556,
"fy":   -731.2,
"fz":   469.56,
"origX": -0.017105,
"origY": -0.20296,
"origZ":  0.21739,
"seedArr": "notSeed",
"colorb": "#F1492A",
"colorw": "#F1492A" 
},
{
 "id": "Bin.6.54",
"label": "Bin.6.54",
"size":       24,
"opacity":     0.79,
"fx": -435.9911,
"fy": -681.3714,
"fz":    610.6,
"origX": -0.023098,
"origY": -0.19424,
"origZ":  0.25265,
"seedArr": "notSeed",
"colorb": "#F04326",
"colorw": "#F04326" 
},
{
 "id": "Bin.6.50",
"label": "Bin.6.50",
"size":       24,
"opacity":     0.79,
"fx": -946.8444,
"fy":   453.78,
"fz":   770.92,
"origX": -0.13804,
"origY": 0.0044115,
"origZ":  0.29273,
"seedArr": "notSeed",
"colorb": "#F04225",
"colorw": "#F04225" 
},
{
 "id": "Bin.6.46",
"label": "Bin.6.46",
"size":       24,
"opacity":     0.79,
"fx": -878.5333,
"fy": 507.7429,
"fz":   820.64,
"origX": -0.12267,
"origY": 0.013855,
"origZ":  0.30516,
"seedArr": "notSeed",
"colorb": "#F03E22",
"colorw": "#F03E22" 
},
{
 "id": "Bin.6.42",
"label": "Bin.6.42",
"size":       24,
"opacity":      0.8,
"fx": -651.9289,
"fy":   -601.2,
"fz":    793.8,
"origX": -0.071684,
"origY": -0.18021,
"origZ":  0.29845,
"seedArr": "notSeed",
"colorb": "#F03C21",
"colorw": "#F03C21" 
},
{
 "id": "Bin.6.38",
"label": "Bin.6.38",
"size":       24,
"opacity":     0.79,
"fx": -997.6444,
"fy": 462.8931,
"fz":   771.52,
"origX": -0.14947,
"origY": 0.0060063,
"origZ":  0.29288,
"seedArr": "notSeed",
"colorb": "#F04023",
"colorw": "#F04023" 
},
{
 "id": "Bin.6.34",
"label": "Bin.6.34",
"size":       24,
"opacity":      0.8,
"fx": -640.9067,
"fy": -595.0286,
"fz":   813.72,
"origX": -0.069204,
"origY": -0.17913,
"origZ":  0.30343,
"seedArr": "notSeed",
"colorb": "#F03B20",
"colorw": "#F03B20" 
},
{
 "id": "Bin.6.30",
"label": "Bin.6.30",
"size":       24,
"opacity":     0.78,
"fx": -987.1556,
"fy": 440.7257,
"fz":   705.56,
"origX": -0.14711,
"origY": 0.002127,
"origZ":  0.27639,
"seedArr": "notSeed",
"colorb": "#F04527",
"colorw": "#F04527" 
},
{
 "id": "Bin.4.38",
"label": "Bin.4.38",
"size":       24,
"opacity":     0.41,
"fx": -487.6222,
"fy": 483.2034,
"fz":   -485.1,
"origX": -0.034715,
"origY": 0.0095606,
"origZ": -0.021275,
"seedArr": "notSeed",
"colorb": "#FDF1C3",
"colorw": "#FDF1C3" 
},
{
 "id": "Bin.4.34",
"label": "Bin.4.34",
"size":       24,
"opacity":     0.51,
"fx": -144.9422,
"fy": 651.7371,
"fz":  -342.82,
"origX": 0.042388,
"origY": 0.039054,
"origZ": 0.014295,
"seedArr": "notSeed",
"colorb": "#FEEEA9",
"colorw": "#FEEEA9" 
},
{
 "id": "Bin.4.30",
"label": "Bin.4.30",
"size":       24,
"opacity":     0.55,
"fx": -84.38222,
"fy": 580.9371,
"fz": -304.416,
"origX": 0.056014,
"origY": 0.026664,
"origZ": 0.023896,
"seedArr": "notSeed",
"colorb": "#FEEDA0",
"colorw": "#FEEDA0" 
},
{
 "id": "Bin.4.26",
"label": "Bin.4.26",
"size":       24,
"opacity":     0.57,
"fx": -26.59111,
"fy":  480.308,
"fz": -298.392,
"origX": 0.069017,
"origY": 0.0090539,
"origZ": 0.025402,
"seedArr": "notSeed",
"colorb": "#FDDF96",
"colorw": "#FDDF96" 
},
{
 "id": "Bin.4.22",
"label": "Bin.4.22",
"size":       24,
"opacity":     0.53,
"fx":     -122,
"fy": 595.5714,
"fz": -288.292,
"origX":  0.04755,
"origY": 0.029225,
"origZ": 0.027927,
"seedArr": "notSeed",
"colorb": "#FEEDA6",
"colorw": "#FEEDA6" 
},
{
 "id": "Bin.4.18",
"label": "Bin.4.18",
"size":       24,
"opacity":     0.38,
"fx": -203.5111,
"fy": 478.7874,
"fz": -335.528,
"origX":  0.02921,
"origY": 0.0087878,
"origZ": 0.016118,
"seedArr": "notSeed",
"colorb": "#FCF2CB",
"colorw": "#FCF2CB" 
},
{
 "id": "Bin.4.14",
"label": "Bin.4.14",
"size":       24,
"opacity":     0.48,
"fx": -136.2311,
"fy": 548.4914,
"fz": -326.052,
"origX": 0.044348,
"origY": 0.020986,
"origZ": 0.018487,
"seedArr": "notSeed",
"colorb": "#FEEFB2",
"colorw": "#FEEFB2" 
},
{
 "id": "Bin.4.10",
"label": "Bin.4.10",
"size":       24,
"opacity":     0.52,
"fx": -166.1556,
"fy": 674.0686,
"fz":  -333.62,
"origX": 0.037615,
"origY": 0.042962,
"origZ": 0.016595,
"seedArr": "notSeed",
"colorb": "#FEEEA7",
"colorw": "#FEEEA7" 
},
{
 "id": "Bin.4.06",
"label": "Bin.4.06",
"size":       24,
"opacity":     0.39,
"fx": -500.2844,
"fy": 405.6709,
"fz": -377.9284,
"origX": -0.037564,
"origY": -0.0040076,
"origZ": 0.0055179,
"seedArr": "notSeed",
"colorb": "#FDF2C8",
"colorw": "#FDF2C8" 
},
{
 "id": "Bin.4.02",
"label": "Bin.4.02",
"size":       24,
"opacity":     0.35,
"fx": -316.1853,
"fy": 573.4457,
"fz": -342.824,
"origX": 0.0038583,
"origY": 0.025353,
"origZ": 0.014294,
"seedArr": "notSeed",
"colorb": "#FCF3D3",
"colorw": "#FCF3D3" 
},
{
 "id": "Bin.4.04",
"label": "Bin.4.04",
"size":       24,
"opacity":     0.38,
"fx": -481.7689,
"fy": 433.1358,
"fz": -369.2632,
"origX": -0.033398,
"origY": 0.00079877,
"origZ": 0.0076842,
"seedArr": "notSeed",
"colorb": "#FCF2CC",
"colorw": "#FCF2CC" 
},
{
 "id": "Bin.3.98",
"label": "Bin.3.98",
"size":       24,
"opacity":     0.57,
"fx":  -657.52,
"fy": 333.3143,
"fz": -439.4556,
"origX": -0.072942,
"origY": -0.01667,
"origZ": -0.0098639,
"seedArr": "notSeed",
"colorb": "#FDDC93",
"colorw": "#FDDC93" 
},
{
 "id": "Bin.3.94",
"label": "Bin.3.94",
"size":       24,
"opacity":     0.32,
"fx": -408.2089,
"fy": 462.0143,
"fz": -441.468,
"origX": -0.016847,
"origY": 0.0058525,
"origZ": -0.010367,
"seedArr": "notSeed",
"colorb": "#FCF4DA",
"colorw": "#FCF4DA" 
},
{
 "id": "Bin.3.90",
"label": "Bin.3.90",
"size":       24,
"opacity":     0.43,
"fx": -177.7022,
"fy": 584.9829,
"fz": -399.7187,
"origX": 0.035017,
"origY": 0.027372,
"origZ": 7.0315e-05,
"seedArr": "notSeed",
"colorb": "#FDF0BF",
"colorw": "#FDF0BF" 
},
{
 "id": "Bin.3.86",
"label": "Bin.3.86",
"size":       24,
"opacity":     0.42,
"fx": -192.8044,
"fy":   596.32,
"fz": -401.1575,
"origX": 0.031619,
"origY": 0.029356,
"origZ": -0.00028938,
"seedArr": "notSeed",
"colorb": "#FDF1C1",
"colorw": "#FDF1C1" 
},
{
 "id": "Bin.3.82",
"label": "Bin.3.82",
"size":       24,
"opacity":     0.34,
"fx": -293.0676,
"fy": 578.0457,
"fz": -371.7888,
"origX": 0.0090598,
"origY": 0.026158,
"origZ": 0.0070528,
"seedArr": "notSeed",
"colorb": "#FCF3D4",
"colorw": "#FCF3D4" 
},
{
 "id": "Bin.3.78",
"label": "Bin.3.78",
"size":       24,
"opacity":     0.33,
"fx": -267.9867,
"fy": 541.1829,
"fz": -393.352,
"origX": 0.014703,
"origY": 0.019707,
"origZ": 0.001662,
"seedArr": "notSeed",
"colorb": "#FCF4D8",
"colorw": "#FCF4D8" 
},
{
 "id": "Bin.3.74",
"label": "Bin.3.74",
"size":       24,
"opacity":     0.48,
"fx": -114.9956,
"fy": 541.9543,
"fz": -389.8212,
"origX": 0.049126,
"origY": 0.019842,
"origZ": 0.0025447,
"seedArr": "notSeed",
"colorb": "#FEEFB2",
"colorw": "#FEEFB2" 
},
{
 "id": "Bin.3.70",
"label": "Bin.3.70",
"size":       24,
"opacity":     0.45,
"fx": -169.7867,
"fy": 591.6914,
"fz": -320.392,
"origX": 0.036798,
"origY": 0.028546,
"origZ": 0.019902,
"seedArr": "notSeed",
"colorb": "#FDF0B8",
"colorw": "#FDF0B8" 
},
{
 "id": "Bin.3.66",
"label": "Bin.3.66",
"size":       24,
"opacity":     0.35,
"fx": -280.2044,
"fy": 488.8457,
"fz": -297.384,
"origX": 0.011954,
"origY": 0.010548,
"origZ": 0.025654,
"seedArr": "notSeed",
"colorb": "#FCF3D2",
"colorw": "#FCF3D2" 
},
{
 "id": "Bin.3.62",
"label": "Bin.3.62",
"size":       24,
"opacity":     0.39,
"fx": -257.5867,
"fy": 503.2686,
"fz": -275.828,
"origX": 0.017043,
"origY": 0.013072,
"origZ": 0.031043,
"seedArr": "notSeed",
"colorb": "#FDF2C8",
"colorw": "#FDF2C8" 
},
{
 "id": "Bin.3.58",
"label": "Bin.3.58",
"size":       24,
"opacity":     0.36,
"fx": -437.5956,
"fy": 448.5086,
"fz": -479.448,
"origX": -0.023459,
"origY": 0.003489,
"origZ": -0.019862,
"seedArr": "notSeed",
"colorb": "#FCF3D1",
"colorw": "#FCF3D1" 
},
{
 "id": "Bin.3.54",
"label": "Bin.3.54",
"size":       24,
"opacity":      0.4,
"fx": -173.1467,
"fy": 541.8171,
"fz": -387.9408,
"origX": 0.036042,
"origY": 0.019818,
"origZ": 0.0030148,
"seedArr": "notSeed",
"colorb": "#FDF1C5",
"colorw": "#FDF1C5" 
},
{
 "id": "Bin.3.50",
"label": "Bin.3.50",
"size":       24,
"opacity":     0.46,
"fx": -157.6933,
"fy":   591.48,
"fz": -473.168,
"origX": 0.039519,
"origY": 0.028509,
"origZ": -0.018292,
"seedArr": "notSeed",
"colorb": "#FDEFB5",
"colorw": "#FDEFB5" 
},
{
 "id": "Bin.3.46",
"label": "Bin.3.46",
"size":       24,
"opacity":     0.43,
"fx":  -219.88,
"fy": 585.9886,
"fz":   -499.2,
"origX": 0.025527,
"origY": 0.027548,
"origZ":  -0.0248,
"seedArr": "notSeed",
"colorb": "#FDF0BD",
"colorw": "#FDF0BD" 
},
{
 "id": "Bin.3.42",
"label": "Bin.3.42",
"size":       24,
"opacity":     0.46,
"fx":  -256.64,
"fy": 542.1657,
"fz": -575.884,
"origX": 0.017256,
"origY": 0.019879,
"origZ": -0.043971,
"seedArr": "notSeed",
"colorb": "#FDEFB7",
"colorw": "#FDEFB7" 
},
{
 "id": "Bin.3.38",
"label": "Bin.3.38",
"size":       24,
"opacity":     0.45,
"fx": -183.1333,
"fy": 599.5714,
"fz": -439.886,
"origX": 0.033795,
"origY": 0.029925,
"origZ": -0.0099715,
"seedArr": "notSeed",
"colorb": "#FDF0BA",
"colorw": "#FDF0BA" 
},
{
 "id": "Bin.3.34",
"label": "Bin.3.34",
"size":       24,
"opacity":     0.33,
"fx": -429.4756,
"fy": 448.0034,
"fz": -451.004,
"origX": -0.021632,
"origY": 0.0034006,
"origZ": -0.012751,
"seedArr": "notSeed",
"colorb": "#FCF4D7",
"colorw": "#FCF4D7" 
},
{
 "id": "Bin.3.30",
"label": "Bin.3.30",
"size":       24,
"opacity":     0.31,
"fx":  -339.26,
"fy": 345.0857,
"fz": -419.5196,
"origX": -0.0013335,
"origY": -0.01461,
"origZ": -0.0048799,
"seedArr": "notSeed",
"colorb": "#FCF4DD",
"colorw": "#FCF4DD" 
},
{
 "id": "Bin.3.26",
"label": "Bin.3.26",
"size":       24,
"opacity":     0.32,
"fx": -363.2227,
"fy": 349.3257,
"fz": -458.508,
"origX": -0.0067251,
"origY": -0.013868,
"origZ": -0.014627,
"seedArr": "notSeed",
"colorb": "#FCF4D9",
"colorw": "#FCF4D9" 
},
{
 "id": "Bin.3.22",
"label": "Bin.3.22",
"size":       24,
"opacity":     0.44,
"fx": -246.1778,
"fy":   581.72,
"fz": -526.772,
"origX":  0.01961,
"origY": 0.026801,
"origZ": -0.031693,
"seedArr": "notSeed",
"colorb": "#FDF0BB",
"colorw": "#FDF0BB" 
},
{
 "id": "Bin.3.18",
"label": "Bin.3.18",
"size":       24,
"opacity":     0.45,
"fx": -495.8222,
"fy": 494.1029,
"fz":  -506.74,
"origX": -0.03656,
"origY": 0.011468,
"origZ": -0.026685,
"seedArr": "notSeed",
"colorb": "#FDF0B9",
"colorw": "#FDF0B9" 
},
{
 "id": "Bin.3.14",
"label": "Bin.3.14",
"size":       24,
"opacity":     0.49,
"fx": -524.6889,
"fy":  379.268,
"fz": -534.276,
"origX": -0.043055,
"origY": -0.0086281,
"origZ": -0.033569,
"seedArr": "notSeed",
"colorb": "#FEEEAE",
"colorw": "#FEEEAE" 
},
{
 "id": "Bin.3.10",
"label": "Bin.3.10",
"size":       24,
"opacity":     0.35,
"fx": -213.3644,
"fy": 495.1314,
"fz": -384.0744,
"origX": 0.026993,
"origY": 0.011648,
"origZ": 0.0039814,
"seedArr": "notSeed",
"colorb": "#FCF3D2",
"colorw": "#FCF3D2" 
},
{
 "id": "Bin.3.06",
"label": "Bin.3.06",
"size":       24,
"opacity":     0.38,
"fx": -488.9556,
"fy": 362.2857,
"fz": -393.1284,
"origX": -0.035015,
"origY":  -0.0116,
"origZ": 0.0017179,
"seedArr": "notSeed",
"colorb": "#FCF2CA",
"colorw": "#FCF2CA" 
},
{
 "id": "Bin.3.02",
"label": "Bin.3.02",
"size":       24,
"opacity":     0.36,
"fx":  -461.24,
"fy": 457.8429,
"fz":  -355.22,
"origX": -0.028779,
"origY": 0.0051225,
"origZ": 0.011195,
"seedArr": "notSeed",
"colorb": "#FCF2CF",
"colorw": "#FCF2CF" 
},
{
 "id": "Bin.3.04",
"label": "Bin.3.04",
"size":       24,
"opacity":     0.39,
"fx": -501.7289,
"fy":    366.8,
"fz": -382.6356,
"origX": -0.037889,
"origY": -0.01081,
"origZ": 0.0043411,
"seedArr": "notSeed",
"colorb": "#FDF2C7",
"colorw": "#FDF2C7" 
},
{
 "id": "Bin.2.98",
"label": "Bin.2.98",
"size":       24,
"opacity":     0.47,
"fx": -152.7022,
"fy": 557.1029,
"fz": -496.376,
"origX": 0.040642,
"origY": 0.022493,
"origZ": -0.024094,
"seedArr": "notSeed",
"colorb": "#FEEFB3",
"colorw": "#FEEFB3" 
},
{
 "id": "Bin.2.94",
"label": "Bin.2.94",
"size":       24,
"opacity":     0.42,
"fx": -298.9027,
"fy": 502.8514,
"fz": -562.004,
"origX": 0.0077469,
"origY": 0.012999,
"origZ": -0.040501,
"seedArr": "notSeed",
"colorb": "#FDF1C1",
"colorw": "#FDF1C1" 
},
{
 "id": "Bin.2.90",
"label": "Bin.2.90",
"size":       24,
"opacity":     0.31,
"fx":  -389.08,
"fy": 492.7086,
"fz": -435.6888,
"origX": -0.012543,
"origY": 0.011224,
"origZ": -0.0089222,
"seedArr": "notSeed",
"colorb": "#FCF4DB",
"colorw": "#FCF4DB" 
},
{
 "id": "Bin.2.86",
"label": "Bin.2.86",
"size":       24,
"opacity":     0.36,
"fx": -244.6578,
"fy": 525.2514,
"fz": -466.328,
"origX": 0.019952,
"origY": 0.016919,
"origZ": -0.016582,
"seedArr": "notSeed",
"colorb": "#FCF3D0",
"colorw": "#FCF3D0" 
},
{
 "id": "Bin.2.82",
"label": "Bin.2.82",
"size":       24,
"opacity":     0.31,
"fx": -326.136,
"fy":   482.76,
"fz": -459.568,
"origX": 0.0016194,
"origY": 0.009483,
"origZ": -0.014892,
"seedArr": "notSeed",
"colorb": "#FCF4DC",
"colorw": "#FCF4DC" 
},
{
 "id": "Bin.2.78",
"label": "Bin.2.78",
"size":       24,
"opacity":     0.32,
"fx": -272.9022,
"fy": 483.2131,
"fz": -439.912,
"origX": 0.013597,
"origY": 0.0095623,
"origZ": -0.009978,
"seedArr": "notSeed",
"colorb": "#FCF4DB",
"colorw": "#FCF4DB" 
},
{
 "id": "Bin.2.74",
"label": "Bin.2.74",
"size":       24,
"opacity":     0.31,
"fx": -382.5778,
"fy": 365.9829,
"fz": -397.2549,
"origX": -0.01108,
"origY": -0.010953,
"origZ": 0.00068627,
"seedArr": "notSeed",
"colorb": "#FCF4DD",
"colorw": "#FCF4DD" 
},
{
 "id": "Bin.2.70",
"label": "Bin.2.70",
"size":       24,
"opacity":     0.63,
"fx": -746.6978,
"fy": 243.2114,
"fz": -616.448,
"origX": -0.093007,
"origY": -0.032438,
"origZ": -0.054112,
"seedArr": "notSeed",
"colorb": "#FAB477",
"colorw": "#FAB477" 
},
{
 "id": "Bin.2.66",
"label": "Bin.2.66",
"size":       24,
"opacity":     0.64,
"fx": -714.6089,
"fy": 306.0286,
"fz":  -692.18,
"origX": -0.085787,
"origY": -0.021445,
"origZ": -0.073045,
"seedArr": "notSeed",
"colorb": "#F9AD72",
"colorw": "#F9AD72" 
},
{
 "id": "Bin.2.62",
"label": "Bin.2.62",
"size":       24,
"opacity":     0.51,
"fx": -480.7467,
"fy":  404.692,
"fz": -590.784,
"origX": -0.033168,
"origY": -0.0041789,
"origZ": -0.047696,
"seedArr": "notSeed",
"colorb": "#FEEEAA",
"colorw": "#FEEEAA" 
},
{
 "id": "Bin.2.58",
"label": "Bin.2.58",
"size":       24,
"opacity":      0.6,
"fx": -587.7244,
"fy": 257.0629,
"fz":  -614.94,
"origX": -0.057238,
"origY": -0.030014,
"origZ": -0.053735,
"seedArr": "notSeed",
"colorb": "#FCCB88",
"colorw": "#FCCB88" 
},
{
 "id": "Bin.2.54",
"label": "Bin.2.54",
"size":       24,
"opacity":     0.64,
"fx":  -755.64,
"fy": 262.6686,
"fz": -644.572,
"origX": -0.095019,
"origY": -0.029033,
"origZ": -0.061143,
"seedArr": "notSeed",
"colorb": "#F9AB71",
"colorw": "#F9AB71" 
},
{
 "id": "Bin.2.50",
"label": "Bin.2.50",
"size":       24,
"opacity":      0.4,
"fx": -420.8133,
"fy": 370.5943,
"fz": -540.024,
"origX": -0.019683,
"origY": -0.010146,
"origZ": -0.035006,
"seedArr": "notSeed",
"colorb": "#FDF1C5",
"colorw": "#FDF1C5" 
},
{
 "id": "Bin.2.46",
"label": "Bin.2.46",
"size":       24,
"opacity":     0.45,
"fx": -434.2578,
"fy": 429.4089,
"fz": -572.084,
"origX": -0.022708,
"origY": 0.00014655,
"origZ": -0.043021,
"seedArr": "notSeed",
"colorb": "#FDF0B9",
"colorw": "#FDF0B9" 
},
{
 "id": "Bin.2.42",
"label": "Bin.2.42",
"size":       24,
"opacity":      0.3,
"fx": -323.7209,
"fy": 486.9429,
"fz": -439.5024,
"origX": 0.0021628,
"origY": 0.010215,
"origZ": -0.0098756,
"seedArr": "notSeed",
"colorb": "#FCF4DE",
"colorw": "#FCF4DE" 
},
{
 "id": "Bin.2.38",
"label": "Bin.2.38",
"size":       24,
"opacity":     0.33,
"fx": -236.3556,
"fy": 481.2137,
"fz":  -453.86,
"origX":  0.02182,
"origY": 0.0092124,
"origZ": -0.013465,
"seedArr": "notSeed",
"colorb": "#FCF3D6",
"colorw": "#FCF3D6" 
},
{
 "id": "Bin.2.34",
"label": "Bin.2.34",
"size":       24,
"opacity":     0.37,
"fx": -409.8622,
"fy": 352.8743,
"fz": -299.888,
"origX": -0.017219,
"origY": -0.013247,
"origZ": 0.025028,
"seedArr": "notSeed",
"colorb": "#FCF2CD",
"colorw": "#FCF2CD" 
},
{
 "id": "Bin.2.30",
"label": "Bin.2.30",
"size":       24,
"opacity":     0.52,
"fx": -74.70222,
"fy": 543.7257,
"fz": -386.5092,
"origX": 0.058192,
"origY": 0.020152,
"origZ": 0.0033727,
"seedArr": "notSeed",
"colorb": "#FEEDA6",
"colorw": "#FEEDA6" 
},
{
 "id": "Bin.2.26",
"label": "Bin.2.26",
"size":       24,
"opacity":     0.44,
"fx": -158.8667,
"fy": 538.0629,
"fz":  -340.32,
"origX": 0.039255,
"origY": 0.019161,
"origZ":  0.01492,
"seedArr": "notSeed",
"colorb": "#FDF0BA",
"colorw": "#FDF0BA" 
},
{
 "id": "Bin.2.22",
"label": "Bin.2.22",
"size":       24,
"opacity":     0.47,
"fx": -128.2133,
"fy": 567.5543,
"fz": -389.0976,
"origX": 0.046152,
"origY": 0.024322,
"origZ": 0.0027256,
"seedArr": "notSeed",
"colorb": "#FEEFB4",
"colorw": "#FEEFB4" 
},
{
 "id": "Bin.2.18",
"label": "Bin.2.18",
"size":       24,
"opacity":      0.3,
"fx": -309.1076,
"fy": 413.4063,
"fz": -436.7252,
"origX": 0.0054508,
"origY": -0.0026539,
"origZ": -0.0091813,
"seedArr": "notSeed",
"colorb": "#FCF5DF",
"colorw": "#FCF5DF" 
},
{
 "id": "Bin.2.14",
"label": "Bin.2.14",
"size":       24,
"opacity":     0.38,
"fx": -195.2756,
"fy":   496.52,
"fz": -450.604,
"origX": 0.031063,
"origY": 0.011891,
"origZ": -0.012651,
"seedArr": "notSeed",
"colorb": "#FCF2CA",
"colorw": "#FCF2CA" 
},
{
 "id": "Bin.2.10",
"label": "Bin.2.10",
"size":       24,
"opacity":     0.52,
"fx": -75.88444,
"fy": 502.3829,
"fz": -391.6536,
"origX": 0.057926,
"origY": 0.012917,
"origZ": 0.0020866,
"seedArr": "notSeed",
"colorb": "#FEEEA8",
"colorw": "#FEEEA8" 
},
{
 "id": "Bin.2.06",
"label": "Bin.2.06",
"size":       24,
"opacity":     0.43,
"fx": -137.7822,
"fy": 463.0429,
"fz": -407.4652,
"origX": 0.043999,
"origY": 0.0060325,
"origZ": -0.0018663,
"seedArr": "notSeed",
"colorb": "#FDF0BE",
"colorw": "#FDF0BE" 
},
{
 "id": "Bin.2.02",
"label": "Bin.2.02",
"size":       24,
"opacity":     0.39,
"fx": -180.2178,
"fy": 499.6971,
"fz": -420.3992,
"origX": 0.034451,
"origY": 0.012447,
"origZ": -0.0050998,
"seedArr": "notSeed",
"colorb": "#FDF2C9",
"colorw": "#FDF2C9" 
},
{
 "id": "Bin.1.98",
"label": "Bin.1.98",
"size":       24,
"opacity":     0.46,
"fx": -111.1067,
"fy":   487.48,
"fz": -420.9084,
"origX": 0.050001,
"origY": 0.010309,
"origZ": -0.0052271,
"seedArr": "notSeed",
"colorb": "#FDEFB6",
"colorw": "#FDEFB6" 
},
{
 "id": "Bin.1.94",
"label": "Bin.1.94",
"size":       24,
"opacity":     0.44,
"fx": -132.1111,
"fy": 468.0806,
"fz": -389.9352,
"origX": 0.045275,
"origY": 0.0069141,
"origZ": 0.0025162,
"seedArr": "notSeed",
"colorb": "#FDF0BC",
"colorw": "#FDF0BC" 
},
{
 "id": "Bin.1.90",
"label": "Bin.1.90",
"size":       24,
"opacity":     0.41,
"fx": -150.6267,
"fy":   494.88,
"fz": -377.6868,
"origX": 0.041109,
"origY": 0.011604,
"origZ": 0.0055783,
"seedArr": "notSeed",
"colorb": "#FDF1C2",
"colorw": "#FDF1C2" 
},
{
 "id": "Bin.1.86",
"label": "Bin.1.86",
"size":       24,
"opacity":     0.51,
"fx": -77.09778,
"fy": 436.2074,
"fz": -420.2104,
"origX": 0.057653,
"origY": 0.0013363,
"origZ": -0.0050526,
"seedArr": "notSeed",
"colorb": "#FEEEAB",
"colorw": "#FEEEAB" 
},
{
 "id": "Bin.1.82",
"label": "Bin.1.82",
"size":       24,
"opacity":     0.49,
"fx": -92.35556,
"fy": 433.7359,
"fz": -434.2136,
"origX":  0.05422,
"origY": 0.00090379,
"origZ": -0.0085534,
"seedArr": "notSeed",
"colorb": "#FEEEAF",
"colorw": "#FEEEAF" 
},
{
 "id": "Bin.1.78",
"label": "Bin.1.78",
"size":       24,
"opacity":     0.52,
"fx":    -72.6,
"fy": 451.8697,
"fz": -461.248,
"origX": 0.058665,
"origY": 0.0040772,
"origZ": -0.015312,
"seedArr": "notSeed",
"colorb": "#FEEDA7",
"colorw": "#FEEDA7" 
},
{
 "id": "Bin.1.74",
"label": "Bin.1.74",
"size":       24,
"opacity":     0.55,
"fx": -48.45333,
"fy": 482.8606,
"fz": -471.684,
"origX": 0.064098,
"origY": 0.0095006,
"origZ": -0.017921,
"seedArr": "notSeed",
"colorb": "#FEEA9E",
"colorw": "#FEEA9E" 
},
{
 "id": "Bin.1.70",
"label": "Bin.1.70",
"size":       24,
"opacity":     0.58,
"fx": -4.431111,
"fy": 513.3314,
"fz": -434.1828,
"origX": 0.074003,
"origY": 0.014833,
"origZ": -0.0085457,
"seedArr": "notSeed",
"colorb": "#FDDA92",
"colorw": "#FDDA92" 
},
{
 "id": "Bin.1.66",
"label": "Bin.1.66",
"size":       24,
"opacity":     0.54,
"fx": -52.59556,
"fy": 496.0457,
"fz": -406.5244,
"origX": 0.063166,
"origY": 0.011808,
"origZ": -0.0016311,
"seedArr": "notSeed",
"colorb": "#FEEDA3",
"colorw": "#FEEDA3" 
},
{
 "id": "Bin.1.62",
"label": "Bin.1.62",
"size":       24,
"opacity":     0.54,
"fx": -47.73778,
"fy": 501.6057,
"fz": -414.1932,
"origX": 0.064259,
"origY": 0.012781,
"origZ": -0.0035483,
"seedArr": "notSeed",
"colorb": "#FEEDA1",
"colorw": "#FEEDA1" 
},
{
 "id": "Bin.1.58",
"label": "Bin.1.58",
"size":       24,
"opacity":     0.53,
"fx": -67.05333,
"fy": 506.1371,
"fz":   -446.1,
"origX": 0.059913,
"origY": 0.013574,
"origZ": -0.011525,
"seedArr": "notSeed",
"colorb": "#FEEDA5",
"colorw": "#FEEDA5" 
},
{
 "id": "Bin.1.54",
"label": "Bin.1.54",
"size":       24,
"opacity":      0.5,
"fx": -90.70667,
"fy": 511.2971,
"fz": -431.3828,
"origX": 0.054591,
"origY": 0.014477,
"origZ": -0.0078457,
"seedArr": "notSeed",
"colorb": "#FEEEAB",
"colorw": "#FEEEAB" 
},
{
 "id": "Bin.1.50",
"label": "Bin.1.50",
"size":       24,
"opacity":     0.56,
"fx": -51.12889,
"fy": 447.6709,
"fz":  -490.86,
"origX": 0.063496,
"origY": 0.0033424,
"origZ": -0.022715,
"seedArr": "notSeed",
"colorb": "#FEE89C",
"colorw": "#FEE89C" 
},
{
 "id": "Bin.1.46",
"label": "Bin.1.46",
"size":       24,
"opacity":     0.53,
"fx": -61.42222,
"fy": 462.7897,
"fz": -457.604,
"origX":  0.06118,
"origY": 0.0059882,
"origZ": -0.014401,
"seedArr": "notSeed",
"colorb": "#FEEDA4",
"colorw": "#FEEDA4" 
},
{
 "id": "Bin.1.42",
"label": "Bin.1.42",
"size":       24,
"opacity":     0.58,
"fx": 3.644444,
"fy": 466.8989,
"fz": -441.352,
"origX":  0.07582,
"origY": 0.0067073,
"origZ": -0.010338,
"seedArr": "notSeed",
"colorb": "#FCD48E",
"colorw": "#FCD48E" 
},
{
 "id": "Bin.1.38",
"label": "Bin.1.38",
"size":       24,
"opacity":      0.5,
"fx": -84.91556,
"fy": 469.6423,
"fz": -403.8374,
"origX": 0.055894,
"origY": 0.0071874,
"origZ": -0.00095936,
"seedArr": "notSeed",
"colorb": "#FEEEAC",
"colorw": "#FEEEAC" 
},
{
 "id": "Bin.1.34",
"label": "Bin.1.34",
"size":       24,
"opacity":     0.41,
"fx": -199.6756,
"fy": 592.6514,
"fz": -385.6524,
"origX": 0.030073,
"origY": 0.028714,
"origZ": 0.0035869,
"seedArr": "notSeed",
"colorb": "#FDF1C4",
"colorw": "#FDF1C4" 
},
{
 "id": "Bin.1.30",
"label": "Bin.1.30",
"size":       24,
"opacity":     0.36,
"fx": -262.9733,
"fy": 577.7829,
"fz": -423.7448,
"origX": 0.015831,
"origY": 0.026112,
"origZ": -0.0059362,
"seedArr": "notSeed",
"colorb": "#FCF3CF",
"colorw": "#FCF3CF" 
},
{
 "id": "Bin.1.26",
"label": "Bin.1.26",
"size":       24,
"opacity":      0.4,
"fx": -335.3186,
"fy":  449.124,
"fz":  -558.14,
"origX": -0.00044668,
"origY": 0.0035967,
"origZ": -0.039535,
"seedArr": "notSeed",
"colorb": "#FDF1C6",
"colorw": "#FDF1C6" 
},
{
 "id": "Bin.1.22",
"label": "Bin.1.22",
"size":       24,
"opacity":     0.33,
"fx": -250.9022,
"fy": 437.8103,
"fz": -465.732,
"origX": 0.018547,
"origY": 0.0016168,
"origZ": -0.016433,
"seedArr": "notSeed",
"colorb": "#FCF4D8",
"colorw": "#FCF4D8" 
},
{
 "id": "Bin.1.18",
"label": "Bin.1.18",
"size":       24,
"opacity":     0.41,
"fx": -151.7689,
"fy": 492.5714,
"fz": -392.2828,
"origX": 0.040852,
"origY":   0.0112,
"origZ": 0.0019293,
"seedArr": "notSeed",
"colorb": "#FDF1C3",
"colorw": "#FDF1C3" 
},
{
 "id": "Bin.1.14",
"label": "Bin.1.14",
"size":       24,
"opacity":     0.47,
"fx": -106.7778,
"fy":  393.072,
"fz": -362.5212,
"origX": 0.050975,
"origY": -0.0062124,
"origZ": 0.0093697,
"seedArr": "notSeed",
"colorb": "#FDEFB5",
"colorw": "#FDEFB5" 
},
{
 "id": "Bin.1.10",
"label": "Bin.1.10",
"size":       24,
"opacity":     0.49,
"fx": -169.5778,
"fy": 345.8171,
"fz":  -551.52,
"origX": 0.036845,
"origY": -0.014482,
"origZ": -0.03788,
"seedArr": "notSeed",
"colorb": "#FEEFB0",
"colorw": "#FEEFB0" 
},
{
 "id": "Bin.1.06",
"label": "Bin.1.06",
"size":       24,
"opacity":     0.56,
"fx": -30.18222,
"fy": 424.6714,
"fz": -506.756,
"origX": 0.068209,
"origY": -0.00068251,
"origZ": -0.026689,
"seedArr": "notSeed",
"colorb": "#FEE398",
"colorw": "#FEE398" 
},
{
 "id": "Bin.1.02",
"label": "Bin.1.02",
"size":       24,
"opacity":     0.62,
"fx": 133.4667,
"fy": 491.4686,
"fz": -434.306,
"origX":  0.10503,
"origY": 0.011007,
"origZ": -0.0085765,
"seedArr": "notSeed",
"colorb": "#FBBD7D",
"colorw": "#FBBD7D" 
},
{
 "id": "Bin.0.98",
"label": "Bin.0.98",
"size":       24,
"opacity":     0.62,
"fx": 144.7556,
"fy": 546.0057,
"fz": -419.6804,
"origX":  0.10757,
"origY": 0.020551,
"origZ": -0.0049201,
"seedArr": "notSeed",
"colorb": "#FAB87A",
"colorw": "#FAB87A" 
},
{
 "id": "Bin.0.94",
"label": "Bin.0.94",
"size":       24,
"opacity":     0.62,
"fx":    134.8,
"fy": 553.6114,
"fz": -368.4544,
"origX":  0.10533,
"origY": 0.021882,
"origZ": 0.0078864,
"seedArr": "notSeed",
"colorb": "#FABA7B",
"colorw": "#FABA7B" 
},
{
 "id": "Bin.0.90",
"label": "Bin.0.90",
"size":       24,
"opacity":     0.59,
"fx": 23.70667,
"fy": 542.7314,
"fz": -422.2724,
"origX": 0.080334,
"origY": 0.019978,
"origZ": -0.0055681,
"seedArr": "notSeed",
"colorb": "#FCCD89",
"colorw": "#FCCD89" 
},
{
 "id": "Bin.0.86",
"label": "Bin.0.86",
"size":       24,
"opacity":     0.61,
"fx":    82.32,
"fy":    563.8,
"fz": -419.6516,
"origX": 0.093522,
"origY": 0.023665,
"origZ": -0.0049129,
"seedArr": "notSeed",
"colorb": "#FBC483",
"colorw": "#FBC483" 
},
{
 "id": "Bin.0.82",
"label": "Bin.0.82",
"size":       24,
"opacity":     0.66,
"fx": 253.7778,
"fy": 546.6914,
"fz": -388.8156,
"origX":   0.1321,
"origY": 0.020671,
"origZ": 0.0027961,
"seedArr": "notSeed",
"colorb": "#F8A069",
"colorw": "#F8A069" 
},
{
 "id": "Bin.0.78",
"label": "Bin.0.78",
"size":       24,
"opacity":     0.66,
"fx": 263.8667,
"fy":  436.144,
"fz": -406.7524,
"origX":  0.13437,
"origY": 0.0013252,
"origZ": -0.0016881,
"seedArr": "notSeed",
"colorb": "#F89F68",
"colorw": "#F89F68" 
},
{
 "id": "Bin.0.74",
"label": "Bin.0.74",
"size":       24,
"opacity":     0.72,
"fx": 177.5556,
"fy": -663.8286,
"fz": -279.052,
"origX":  0.11495,
"origY": -0.19117,
"origZ": 0.030237,
"seedArr": "notSeed",
"colorb": "#F47449",
"colorw": "#F47449" 
},
{
 "id": "Bin.0.70",
"label": "Bin.0.70",
"size":       24,
"opacity":     0.74,
"fx": 316.6222,
"fy":   -657.2,
"fz": -279.964,
"origX":  0.14624,
"origY": -0.19001,
"origZ": 0.030009,
"seedArr": "notSeed",
"colorb": "#F3643D",
"colorw": "#F3643D" 
},
{
 "id": "Bin.0.66",
"label": "Bin.0.66",
"size":       24,
"opacity":     0.74,
"fx": 325.1556,
"fy": -651.3143,
"fz": -292.404,
"origX":  0.14816,
"origY": -0.18898,
"origZ": 0.026899,
"seedArr": "notSeed",
"colorb": "#F3653E",
"colorw": "#F3653E" 
},
{
 "id": "Bin.0.62",
"label": "Bin.0.62",
"size":       24,
"opacity":     0.76,
"fx": 524.0444,
"fy": -590.4571,
"fz": -275.872,
"origX":  0.19291,
"origY": -0.17833,
"origZ": 0.031032,
"seedArr": "notSeed",
"colorb": "#F25734",
"colorw": "#F25734" 
},
{
 "id": "Bin.0.58",
"label": "Bin.0.58",
"size":       24,
"opacity":     0.76,
"fx": 481.9556,
"fy":     -602,
"fz": -296.816,
"origX":  0.18344,
"origY": -0.18035,
"origZ": 0.025796,
"seedArr": "notSeed",
"colorb": "#F25935",
"colorw": "#F25935" 
},
{
 "id": "Bin.0.54",
"label": "Bin.0.54",
"size":       24,
"opacity":     0.75,
"fx": 436.3111,
"fy": -639.7714,
"fz": -300.488,
"origX":  0.17317,
"origY": -0.18696,
"origZ": 0.024878,
"seedArr": "notSeed",
"colorb": "#F25C38",
"colorw": "#F25C38" 
},
{
 "id": "Bin.0.50",
"label": "Bin.0.50",
"size":       24,
"opacity":     0.76,
"fx":      724,
"fy": -386.8571,
"fz": -349.572,
"origX":   0.2379,
"origY":  -0.1427,
"origZ": 0.012607,
"seedArr": "notSeed",
"colorb": "#F25432",
"colorw": "#F25432" 
},
{
 "id": "Bin.0.46",
"label": "Bin.0.46",
"size":       24,
"opacity":     0.77,
"fx": 678.2222,
"fy": -458.0571,
"fz": -547.412,
"origX":   0.2276,
"origY": -0.15516,
"origZ": -0.036853,
"seedArr": "notSeed",
"colorb": "#F15230",
"colorw": "#F15230" 
},
{
 "id": "Bin.0.42",
"label": "Bin.0.42",
"size":       24,
"opacity":     0.75,
"fx": 471.0222,
"fy":   -418.8,
"fz":  -814.76,
"origX":  0.18098,
"origY": -0.14829,
"origZ": -0.10369,
"seedArr": "notSeed",
"colorb": "#F35E39",
"colorw": "#F35E39" 
},
{
 "id": "Bin.0.38",
"label": "Bin.0.38",
"size":       24,
"opacity":     0.71,
"fx": 235.4222,
"fy":   -569.6,
"fz":  -570.06,
"origX":  0.12797,
"origY": -0.17468,
"origZ": -0.042515,
"seedArr": "notSeed",
"colorb": "#F5794D",
"colorw": "#F5794D" 
},
{
 "id": "Bin.0.34",
"label": "Bin.0.34",
"size":       24,
"opacity":     0.75,
"fx": 507.4667,
"fy": -499.0286,
"fz": -667.532,
"origX":  0.18918,
"origY": -0.16233,
"origZ": -0.066883,
"seedArr": "notSeed",
"colorb": "#F25B37",
"colorw": "#F25B37" 
},
{
 "id": "Bin.0.30",
"label": "Bin.0.30",
"size":       24,
"opacity":     0.77,
"fx": 582.5778,
"fy":   -438.8,
"fz":  -839.16,
"origX":  0.20608,
"origY": -0.15179,
"origZ": -0.10979,
"seedArr": "notSeed",
"colorb": "#F1502F",
"colorw": "#F1502F" 
},
{
 "id": "Bin.0.26",
"label": "Bin.0.26",
"size":       24,
"opacity":     0.77,
"fx": 757.2444,
"fy": -327.0286,
"fz":  -763.06,
"origX":  0.24538,
"origY": -0.13223,
"origZ": -0.090765,
"seedArr": "notSeed",
"colorb": "#F14C2C",
"colorw": "#F14C2C" 
},
{
 "id": "Bin.0.22",
"label": "Bin.0.22",
"size":       24,
"opacity":     0.78,
"fx":    798.8,
"fy": -395.4286,
"fz":   -632.3,
"origX":  0.25473,
"origY":  -0.1442,
"origZ": -0.058075,
"seedArr": "notSeed",
"colorb": "#F14729",
"colorw": "#F14729" 
} 
],
"misc": "",
"ticks": {
 "x": [       -8,       -6,       -4,       -2,        0,        2,        4,        6,        8,       10,       12 ],
"y": [      -10,       -5,        0,        5,       10,       15,       20,       25,       30,       35 ],
"z": [      -16,      -14,      -12,      -10,       -8,       -6,       -4,       -2,        0,        2,        4,        6,        8 ] 
},
"ticksLoading": {
 "x": [    -0.15,     -0.1,    -0.05,        0,     0.05,      0.1,     0.15,      0.2,     0.25,      0.3 ],
"y": [    -0.22,     -0.2,    -0.18,    -0.16,    -0.14,    -0.12,     -0.1,    -0.08,    -0.06,    -0.04,    -0.02,        0,     0.02,     0.04,     0.06 ],
"z": [    -0.15,     -0.1,    -0.05,        0,     0.05,      0.1,     0.15,      0.2,     0.25,      0.3,     0.35 ] 
},
"axis": [ "Component1 (15.7%)", "Component2 (24%)", "Component3 (10.8%)" ],
"axisLoading": [ "Loading 1", "Loading 2", "Loading 3" ],
"metaCol": {
 "label": [ "control", "patient" ],
"color": [ "#E6194B", "#3CB44B" ],
"type": null 
} 
}